{
    "faces": [43,0,1,2,3,0,0,1,2,3,0,1,2,3,43,4,7,6,5,0,4,1,5,6,4,5,6,7,43,0,4,5,1,0,7,8,9,10,0,4,7,1,43,1,5,6,2,0,11,12,13,14,1,7,6,2,43,2,6,7,3,0,15,16,17,18,2,6,5,3,43,4,0,3,7,0,4,19,20,21,4,0,3,5],
    "name": "CubeGeometry.2",
    "normals": [0.577349,-0.577349,-0.577349,0.577349,-0.577349,0.577349,-0.577349,-0.577349,0.577349,-0.577349,-0.577349,-0.577349,0.577349,0.577349,-0.577349,-0.577349,0.577349,-0.577349,-0.577349,0.577349,0.577349,0.577349,0.577349,0.577349],
    "materials": [{
        "transparent": false,
        "depthTest": true,
        "DbgIndex": 0,
        "colorAmbient": [0.64,0.64,0.64],
        "shading": "phong",
        "specularCoef": 50,
        "opacity": 1,
        "colorDiffuse": [0.64,0.64,0.64],
        "visible": true,
        "DbgName": "Material.001",
        "colorEmissive": [0,0,0],
        "blending": "NormalBlending",
        "DbgColor": 15658734,
        "wireframe": false,
        "depthWrite": true,
        "colorSpecular": [0.5,0.5,0.5]
    }],
    "metadata": {
        "generator": "io_three",
        "faces": 6,
        "materials": 1,
        "type": "Geometry",
        "normals": 8,
        "version": 3,
        "vertices": 8,
        "uvs": 1
    },
    "vertices": [1,-1,-1,1,-1,1,-1,-1,1,-1,-1,-1,1,1,-1,0.999999,1,1,-1,1,1,-1,1,-1],
    "uvs": [[0,0.666667,0.333333,0.666667,0.333333,1,0,1,0.333333,0.333333,0,0.666667,0,0.333333,0.666667,0.333333,0.333333,0.333333,0.333333,0,0.666667,0,0,0.333333,0,0,0.333333,0,0.333333,0.333333,1,0.333333,0.666667,0.333333,0.666667,0,1,0,0.666667,0.333333,0.666667,0.666667,0.333333,0.666667]]
}